{
    "leftPane": {
        "layout": [
            "#fileSequence",
            "#settings"
        ],
        "leftPane": {
            "orientation": "vertical"
        },
        "fileSequence": {
            "orientation": "vertical",
            "width": "100%",
            "height": "20%"
        },
        "settings": {
            "orientation": "vertical",
            "width": "100%",
            "flex": 1
        }
    },
    "rightPane": {
        "layout": [
            "preferences#prefs",
            "#renderOutput"
        ],
        "rightPane": {
            "orientation": "vertical"
        },
        "renderOutput": {
            "width": "100%",
            "flex": 1
        },
        "preferences": {
            "width": "100%",
            "height": "20%"
        }
    },
    "prefs": {
        "layout": [
            "kickRow", [
                "kickLabel#prefs_kickLabel",
                "kickPath#prefs_kickPath",
                "kickBrowse#prefs_kickBrowse"
            ],
            "shadersRow", [
                "shadersLabel#prefs_shadersLabel",
                "shadersPath#prefs_shadersPath",
                "shadersBrowse#prefs_shadersBrowse"
            ],
            "checkboxRow", [
                "ignoreLicHost#prefs_ignoreLicHost",
                "lastUsedDir#prefs_lastUsedDir",
                "clearOnRender#prefs_clearOnRender",
                "notifyOnSeqCompletion#prefs_notifyOnSeqCompletion"
            ],
            "spacer",
            "buttonRow", [
                "render#prefs_render",
                "resetUI#prefs_resetUI",
                "saveUI#prefs_saveUI",
                "killRender#prefs_killRender",
                "save#prefs_save"
            ]
        ],
        "prefs": {
            "orientation": "vertical"
        },
        "spacer": {
            "flex": 1
        },
        "kickRow": {
            "width": "100%",
            "flex": 1
        },
        "kickLabel": {
            "height": "100%",
            "flex": 1
        },
        "kickPath": {
            "height": "100%",
            "flex": 2
        },
        "kickBrowse": {
            "width": "20%",
            "height": "100%"
        },
        "shadersRow": {
            "width": "100%",
            "flex": 1
        },
        "shadersLabel": {
            "height": "100%",
            "flex": 1
        },
        "shadersPath": {
            "height": "100%",
            "flex": 2
        },
        "shadersBrowse": {
            "width": "20%",
            "height": "100%"
        },
        "checkboxRow": {
            "width": "100%",
            "flex": 1
        },
        "ignoreLicHost": {
            "width": "20%",
            "height": "100%"
        },
        "lastUsedDir": {
            "width": "20%",
            "height": "100%"
        },
        "clearOnRender": {
            "width": "20%",
            "height": "100%"
        },
        "notifyOnSeqCompletion": {
            "width": "20%",
            "height": "100%"
        },
        "buttonRow": {
            "width": "100%",
            "flex": 1
        },
        "save": {
            "width": "20%",
            "height": "100%"
        },
        "resetUI": {
            "width": "20%",
            "height": "100%"
        },
        "saveUI": {
            "width": "20%",
            "height": "100%"
        },
        "killRender": {
            "width": "20%",
            "height": "100%"
        },
        "render": {
            "width": "20%",
            "height": "100%"
        }
    },
    "fileSequence": {
        "layout": [
            "row1", [
                "label#fileSequence_label",
                "version#fileSequence_version",
                "lengthLabel#fileSequence_sequenceLength_label",
                "lengthValue#fileSequence_sequenceLength_value"
            ],
            "row2", [
                "sequence#fileSequence_sequence"
            ],
            "row3", [
                "remove#fileSequence_remove",
                "clear#fileSequence_clear",
                "browse#fileSequence_browse"
            ]
        ],
        "fileSequence": {
            "orientation": "vertical",
            "width": "100%",
            "height": "20%"
        },
        "row1": {
            "width": "100%",
            "height": "20%"
        },
        "row2": {
            "width": "100%",
            "height": "60%"
        },
        "row3": {
            "width": "100%",
            "height": "20%"
        },
        "label": {
            "height": "100%",
            "flex": 1
        },
        "lengthLabel": {
            "height": "100%",
            "flex": 1
        },
        "lengthValue": {
            "height": "100%",
            "flex": 1
        },
        "sequence": {
            "width": "100%",
            "height": "100%"
        },
        "version": {
            "height": "100%",
            "flex": 1
        },
        "remove": {
            "height": "100%",
            "flex": 1
        },
        "clear": {
            "height": "100%",
            "flex": 1
        },
        "browse": {
            "height": "100%",
            "flex": 1
        }
    },
    "settings": {
        "layout": [
            "animation#settings_animation",
            "render#settings_render",
            "raytracing#settings_raytracing",
            "disable#settings_disable",
            "misc#settings_misc",
            "ignore#settings_ignore"
        ],
        "settings": {
            "orientation": "vertical"
        },
        "disable": {
            "orientation": "vertical",
            "width": "100%",
            "height": 40,
            "flex": 2
        },
        "animation": {
            "orientation": "vertical",
            "width": "100%",
            "height": 40,
            "flex": 2
        },
        "ignore": {
            "orientation": "vertical",
            "width": "100%",
            "height": 40,
            "flex": 10
        },
        "misc": {
            "orientation": "vertical",
            "width": "100%",
            "height": 40,
            "flex": 4
        },
        "raytracing": {
            "orientation": "vertical",
            "width": "100%",
            "height": 40,
            "flex": 5
        },
        "render": {
            "orientation": "vertical",
            "width": "100%",
            "height": 40,
            "flex": 9
        }
    },
    "settings_animation": {
        "layout": [
            "#assSequence",
            "#disableOutputWindow"
        ],
        "settings_animation": {
            "orientation": "vertical",
            "padding": {
                "top": 20,
                "bottom": 20,
                "left": 20,
                "right": 20
            }
        },
        "assSequence": {
            "width": "100%",
            "flex": 1
        },
        "disableOutputWindow": {
            "width": "100%",
            "flex": 1
        }
    },
    "settings_disable": {
        "layout": [
            "#progressiveRender",
            "#directLighting"
        ],
        "settings_disable": {
            "orientation": "vertical",
            "padding": {
                "top": 20,
                "bottom": 20,
                "left": 20,
                "right": 20
            }
        },
        "progressiveRender": {
            "width": "100%",
            "flex": 1
        },
        "directLighting": {
            "width": "100%",
            "flex": 1
        }
    },
    "settings_ignore": {
        "layout": [
            "#textureMaps",
            "#shaders",
            "#backgroundShaders",
            "#atmosphereShaders",
            "#lights",
            "#shadows",
            "#meshSubdivision",
            "#displacement",
            "#motionBlur",
            "#sss"
        ],
        "settings_ignore": {
            "orientation": "vertical",
            "padding": {
                "top": 20,
                "bottom": 20,
                "left": 20,
                "right": 20
            }
        },
        "textureMaps": {
            "width": "100%",
            "flex": 1
        },
        "shaders": {
            "width": "100%",
            "flex": 1
        },
        "backgroundShaders": {
            "width": "100%",
            "flex": 1
        },
        "atmosphereShaders": {
            "width": "100%",
            "flex": 1
        },
        "lights": {
            "width": "100%",
            "flex": 1
        },
        "shadows": {
            "width": "100%",
            "flex": 1
        },
        "meshSubdivision": {
            "width": "100%",
            "flex": 1
        },
        "displacement": {
            "width": "100%",
            "flex": 1
        },
        "motionBlur": {
            "width": "100%",
            "flex": 1
        },
        "sss": {
            "width": "100%",
            "flex": 1
        }
    },
    "settings_misc": {
        "layout": [
            "column1", [
                "#interactiveNav",
                "#flatShading",
                "#threads",
                "#camera"
            ],
            "column2", [
                "#interactiveNavType",
                "spacer",
                "#threadsValue",
                "#cameraValue"
            ]
        ],
        "settings_misc": {
            "padding": {
                "top": 20,
                "bottom": 20,
                "left": 20,
                "right": 20
            }
        },
        "column1": {
            "orientation": "vertical",
            "height": "100%",
            "flex": 1
        },
        "column2": {
            "orientation": "vertical",
            "height": "100%",
            "flex": 1
        },
        "spacer": {
            "flex": 1
        },
        "flatShading": {
            "width": "100%",
            "flex": 1
        },
        "interactiveNav": {
            "width": "100%",
            "flex": 1
        },
        "interactiveNavType": {
            "width": "100%",
            "flex": 1
        },
        "threads": {
            "width": "100%",
            "flex": 1
        },
        "threadsValue": {
            "width": "100%",
            "flex": 1
        },
        "camera": {
            "width": "100%",
            "flex": 1
        },
        "cameraValue": {
            "width": "100%",
            "flex": 1
        }
    },
    "settings_raytracing": {
        "layout": [
            "column1", [
                "#totalDepth",
                "#diffuseDepth",
                "#specularDepth",
                "#reflectionDepth",
                "#refractionDepth"
            ],
            "column2", [
                "#totalDepthValue",
                "#diffuseDepthValue",
                "#specularDepthValue",
                "#reflectionDepthValue",
                "#refractionDepthValue"
            ]
        ],
        "settings_raytracing": {
            "padding": {
                "top": 20,
                "bottom": 20,
                "left": 20,
                "right": 20
            }
        },
        "column1": {
            "orientation": "vertical",
            "height": "100%",
            "flex": 1
        },
        "column2": {
            "orientation": "vertical",
            "height": "100%",
            "flex": 1
        },
        "totalDepth": {
            "width": "100%",
            "flex": 1
        },
        "totalDepthValue": {
            "width": "100%",
            "flex": 1
        },
        "diffuseDepth": {
            "width": "100%",
            "flex": 1
        },
        "diffuseDepthValue": {
            "width": "100%",
            "flex": 1
        },
        "specularDepth": {
            "width": "100%",
            "flex": 1
        },
        "specularDepthValue": {
            "width": "100%",
            "flex": 1
        },
        "reflectionDepth": {
            "width": "100%",
            "flex": 1
        },
        "reflectionDepthValue": {
            "width": "100%",
            "flex": 1
        },
        "refractionDepth": {
            "width": "100%",
            "flex": 1
        },
        "refractionDepthValue": {
            "width": "100%",
            "flex": 1
        }
    },
    "settings_render": {
        "layout": [
            "column1", [
                "#res",
                "#aa",
                "#diffuseSamples",
                "#specularSamples",
                "#mbShutter",
                "#aaFilter",
                "#bucketSize",
                "#bucketScanning",
                "#verboseLevel"
            ],
            "column2", [
                "#resX",
                "spacer1",
                "#mbShutterStart",
                "#aaFilterWidth",
                "spacer2"
            ],
            "column3", [
                "#resY",
                "#aaValue",
                "#diffuseSamplesValue",
                "#specularSamplesValue",
                "#mbShutterEnd",
                "#aaFilterType",
                "#bucketSizeValue",
                "#bucketScanningType",
                "#verboseLevelValue"
            ]
        ],
        "settings_render": {
            "padding": {
                "top": 20,
                "bottom": 20,
                "left": 20,
                "right": 20
            }
        },
        "column1": {
            "orientation": "vertical",
            "height": "100%",
            "flex": 2
        },
        "column2": {
            "orientation": "vertical",
            "height": "100%",
            "flex": 1
        },
        "column3": {
            "orientation": "vertical",
            "height": "100%",
            "flex": 1
        },
        "spacer1": {
            "flex": 3
        },
        "spacer2": {
            "flex": 3
        },
        "res": {
            "width": "100%",
            "flex": 1
        },
        "resX": {
            "width": "100%",
            "flex": 1
        },
        "resY": {
            "width": "100%",
            "flex": 1
        },
        "aa": {
            "width": "100%",
            "flex": 1
        },
        "aaValue": {
            "width": "100%",
            "flex": 1
        },
        "diffuseSamples": {
            "width": "100%",
            "flex": 1
        },
        "diffuseSamplesValue": {
            "width": "100%",
            "flex": 1
        },
        "specularSamples": {
            "width": "100%",
            "flex": 1
        },
        "specularSamplesValue": {
            "width": "100%",
            "flex": 1
        },
        "mbShutter": {
            "width": "100%",
            "flex": 1
        },
        "mbShutterStart": {
            "width": "100%",
            "flex": 1
        },
        "mbShutterEnd": {
            "width": "100%",
            "flex": 1
        },
        "aaFilter": {
            "width": "100%",
            "flex": 1
        },
        "aaFilterWidth": {
            "width": "100%",
            "flex": 1
        },
        "aaFilterType": {
            "width": "100%",
            "flex": 1
        },
        "bucketSize": {
            "width": "100%",
            "flex": 1
        },
        "bucketSizeValue": {
            "width": "100%",
            "flex": 1
        },
        "bucketScanning": {
            "width": "100%",
            "flex": 1
        },
        "bucketScanningType": {
            "width": "100%",
            "flex": 1
        },
        "verboseLevel": {
            "width": "100%",
            "flex": 1
        },
        "verboseLevelValue": {
            "width": "100%",
            "flex": 1
        }
    }
}
